MHC,Частота по 1 таблице,Частота по 2 таблице
A*01,2.20571622232264,0
A*02,22.0571622232264,7.19801
A*03,1.41775869859919,3.19851
A*11,2.25937641211026,0
A*24,3.65454134658834,4.22764
A*68,0.584613646633529,0
B*07,3.43990058743787,2.99999
B*08,1.88093086308179,0
B*15,1.05625847266155,0
B*27,0.810551287844555,0
B*35,3.30998644374153,2.75199
B*40,1.07037957523723,0
B*44,0.804902846814279,0
B*51,0.530953456845911,0
B*57,0.646746497966561,0
C*03,0,3.2938
C*07,0.530953456845911,4.49809
DPA1*01,0,8.68674
DPB1*02:01,0,4.446
DPB1*04:01,0,3.164
DQA1*01,0.776660641662901,9.3756
DQA1*02,0,2.6752
DQA1*03,0,9.30094
DQA1*04,0,2.67354
DQA1*05,0,7.80781
DQB1*02,0,5.26945
DQB1*03,0,20.79639
DQB1*05,0,6.73621
DQB1*06,0,7.4625
DRB1*01,3.17159963849977,4.09814
DRB1*03,1.40646181653864,2.74679
DRB1*04,4.02733845458653,7.45433
DRB1*07,2.05038409399006,5.52087
DRB1*08,0.968707636692273,2.86515
DRB1*09,0.550723000451875,3.64756
DRB1*11,2.10969272480795,4.39837
DRB1*12,0.604383190239494,3.60273
DRB1*13,1.25395390872119,4.92222
DRB1*14,0.943289652056033,5.4269
DRB1*15,2.95978309986444,5.51787
DRB3*02:02,0.604383190239494,0
DRB5*01:01,1.11839132399458,0
