Source_organism,Mamu-A1*001:01,Papa-A*06:01,Patr-A*01:01,Patr-A*03:01,Patr-A*04:01,Patr-A*06:01,Patr-A*07:01,Patr-A*09:01,Patr-A*11:01,Patr-B*01:01,Patr-B*03:01,Patr-B*03:02,Patr-B*05:01,Patr-B*09:01,Patr-B*13:01,Patr-B*16:01,Patr-B*17:01,Patr-B*23:01,Patr-B*23:02,Patr-DRB1*10:01,Patr-DRB5*03:10,Patr-DP,Patr-DQ,Patr-DRB1*07:01,Patr-A*04:02,Patr-B*20:01,Patr-C*06:01,Patr-B*04:01,Patr-B*16:02,Patr-B*24:01,Mamu-E*02:04,Saoe-G*02,Saoe-G*04,Saoe-G*08,Saoe-G*12,Mafa-A1*063:02:01:01,Mamu-A1*002:01,Mamu-A1*008:01,Mamu-B*029:01,Mafa-DPA1*07:02/DPB1*19:03,Mafa-DQB1*1801,Mafa-DRA*02:01/DRB*w5:01,Mafa-DRB*w501,Mamu-DPB1*07:01,Mamu-DRB*W002:01,Mamu-DRB*W006:02,rhesus macaque CD1b,rhesus macaque CD1c,Mamu-A1*026:01,Mamu-A1*065:01,Mamu-B*051:04
Dengue virus type 2,1,0,0,0,0,0,0,0,0,0,0,0,0,0,0,0,0,0,0,0,0,0,0,0,0,0,0,0,0,0,0,0,0,0,0,0,0,0,0,0,0,0,0,0,0,0,0,0,0,0,0
Hepacivirus hominis,0,1,4,2,3,6,1,1,1,3,2,2,1,1,5,4,1,1,1,1,2,0,0,0,0,0,0,0,0,0,0,0,0,0,0,0,0,0,0,0,0,0,0,0,0,0,0,0,0,0,0
Hepatitis b virus,0,0,3,0,0,0,1,3,0,7,0,3,0,0,0,0,0,0,0,0,0,0,0,0,0,0,0,0,0,0,0,0,0,0,0,0,0,0,0,0,0,0,0,0,0,0,0,0,0,0,0
Hepatitis c virus,0,0,1,3,1,3,1,4,0,2,0,0,0,5,0,3,5,1,0,1,1,1,1,3,2,1,1,2,1,1,0,0,0,0,0,0,0,0,0,0,0,0,0,0,0,0,0,0,0,0,0
Human hepatitis a virus hu/australia/hm175/1976,0,0,0,0,0,0,0,0,0,0,0,0,2,0,0,0,0,0,0,0,0,0,0,0,0,0,1,0,0,0,0,0,0,0,0,0,0,0,0,0,0,0,0,0,0,0,0,0,0,0,0
Human immunodeficiency virus type 1 bh10,0,0,0,0,0,0,0,0,0,0,0,0,0,0,0,0,0,0,0,0,0,0,0,0,0,0,0,0,0,0,1,0,0,0,0,0,0,0,0,0,0,0,0,0,0,0,0,0,0,0,0
Influenza a virus,0,0,0,0,0,0,0,0,0,0,0,0,0,0,0,0,0,0,0,0,0,0,0,0,0,0,0,0,0,0,0,1,1,1,1,0,0,0,0,0,0,0,0,0,0,0,0,0,0,0,0
Lake victoria marburgvirus - angola2005,0,0,0,0,0,0,0,0,0,0,0,0,0,0,0,0,0,0,0,0,0,0,0,0,0,0,0,0,0,0,0,0,0,0,0,14,0,0,0,0,0,0,0,0,0,0,0,0,0,0,0
Macacine betaherpesvirus 3,0,0,0,0,0,0,0,0,0,0,0,0,0,0,0,0,0,0,0,0,0,0,0,0,0,0,0,0,0,0,0,0,0,0,0,0,1,1,0,0,0,0,0,0,0,0,0,0,0,0,0
Macacine gammaherpesvirus 4,4,0,0,0,0,0,0,0,0,0,0,0,0,0,0,0,0,0,0,0,0,0,0,0,0,0,0,0,0,0,0,0,0,0,0,0,0,0,2,0,0,0,0,0,0,0,0,0,0,0,0
Monkeypox virus,1,0,0,0,0,0,0,0,0,0,0,0,0,0,0,0,0,0,0,0,0,0,0,0,0,0,0,0,0,0,0,0,0,0,0,0,1,0,0,0,0,0,0,0,0,0,0,0,0,0,0
Mycobacterium tuberculosis,0,0,0,0,0,0,0,0,0,0,0,0,0,0,0,0,0,0,0,0,0,0,0,0,0,0,0,0,0,0,1,0,0,0,0,0,0,0,0,2,2,2,2,1,1,2,0,0,0,0,0
Prescottella equi,0,0,0,0,0,0,0,0,0,0,0,0,0,0,0,0,0,0,0,0,0,0,0,0,0,0,0,0,0,0,0,0,0,0,0,0,0,0,0,0,0,0,0,0,0,0,1,1,0,0,0
Severe acute respiratory syndrome coronavirus 2,0,0,0,0,0,0,0,0,0,0,0,0,0,0,0,0,0,0,0,0,0,0,0,0,0,0,0,0,0,0,0,0,0,0,0,0,0,0,0,0,0,0,0,0,0,0,0,0,1,0,0
Simian immunodeficiency virus,6,0,0,0,0,0,0,0,0,0,0,0,0,0,0,0,0,0,0,0,0,0,0,0,0,0,0,0,0,0,0,0,0,0,0,0,0,0,0,0,0,0,0,0,0,0,0,0,0,2,1
Vaccinia virus wr,17,0,0,0,0,0,0,0,0,0,0,0,0,0,0,0,0,0,0,0,0,0,0,0,0,0,0,0,0,0,0,0,0,0,0,0,0,0,0,0,0,0,0,0,0,0,0,0,0,0,0
