Allele,Sum_Frequencies,Sum_russian
A*01,2.35896,361
A*02,7.19801,1092
A*03,3.19851,487
A*11,1.44665,219
A*23,0.377,57
A*23,0.074,11
A*23,0.104,16
A*24,4.22764,641
A*25,0.84354,128
A*26,1.04123,161
A*29,0.22917,34
A*30,0.65797,103
A*31,0.70638,109
A*32,0.75727,115
A*33,0.64072,97
A*34,0.005,1
A*34,0.00047,1
A*34,0.0026,1
A*66,0.07872,11
A*68,0.9771,149
A*69,0.01854,2
A*74,0.0082,1
B*07,2.99999,455
B*08,1.255,190
B*13,1.641,248
B*14,0.42581,64
B*15,1.62788,255
B*18,1.30816,198
B*27,1.17622,181
B*35,2.75199,417
B*37,0.36583,56
B*38,0.65433,100
B*39,0.8699,135
B*40,2.17044,330
B*41,0.41138,63
B*42,0.01466,4
B*44,1.90603,288
B*45,0.04292,6
B*46,0.1054,16
B*46:01,0.01881,3
B*46:01:01,0.01433,2
B*47,0.09868,16
B*48,0.94148,143
B*49,0.5262,79
B*50,0.43896,67
B*51,1.49713,230
B*52,0.43192,66
B*53,0.04853,8
B*54,0.14699,21
B*55,0.17156,28
B*56,0.14028,23
B*57,0.51527,81
B*58,0.36306,55
B*67,0.003,1
B*73,0.03287,5
C*01,0.68582,103
C*02,0.87001,134
C*03,3.2938,499
C*04,2.11929,320
C*05,0.55213,84
C*06,1.99354,302
C*07,4.49809,683
C*08,1.26446,193
C*12,1.57698,239
C*14,0.18473,29
C*15,0.58755,91
C*16,0.19306,30
C*17,0.1953,31
C*18,0.00166,2
DPA1*01,8.68674,1311
DPA1*02:01,0.58028,88
DPA1*02:02,0.795,120
DPA1*02:06,0.00654,1
DPA1*02:07,0.013,2
DPA1*04:01,0.006,1
DPB1*01:01,0.101,15
DPB1*01:01,0.052,8
DPB1*02:01,0.659,99
DPB1*02:01,4.446,671
DPB1*02:02,0.02694,4
DPB1*03:01,0.745,112
DPB1*03:01,0.083,13
DPB1*04:01,3.164,478
DPB1*04:01,0.534,81
DPB1*04:02,0.75,113
DPB1*05:01,0.5708,86
DPB1*06:01,0.0514,8
DPB1*08:01,0.005,1
DPB1*09:01,0.1032,16
DPB1*104:01,0.0242,4
DPB1*10:01,0.04033,6
DPB1*11:01,0.02773,4
DPB1*13:01,0.1968,29
DPB1*14:01,0.06874,11
DPB1*15:01,0.0476,7
DPB1*16:01,0.00887,2
DPB1*17:01,0.114,17
DPB1*19:01,0.0176,3
DPB1*20:01,0.01047,2
DPB1*23:01,0.114,17
DPB1*25:01,0.00047,1
DPB1*26:01,0.01174,2
DPB1*28:01,0.003,1
DPB1*30:01,0.00047,1
DPB1*34:01,0.00093,1
DPB1*35:01,0.005,1
DPB1*36:01,0.0014,1
DPB1*41:01,0.003,1
DPB1*47:01,0.00467,2
DPB1*50:01,0.003,1
DPB1*51:01,0.00327,1
DPB1*80:01,0.00047,1
DPB1*87:01,0.00047,1
DPB1*88:01,0.0042,1
DQA1*01,9.3756,1415
DQA1*02,2.6752,404
DQA1*03,9.30094,1403
DQA1*04,2.67354,403
DQA1*05,7.80781,1180
DQA1*06,0.14054,21
DQB1*02,5.26945,797
DQB1*03,20.79639,3143
DQB1*04,2.54193,384
DQB1*05,6.73621,1018
DQB1*06,7.4625,1130
DRB1*01,4.09814,619
DRB1*03,2.74679,418
DRB1*04,7.45433,1129
DRB1*07,5.52087,834
DRB1*08,2.86515,434
DRB1*09,3.64756,551
DRB1*10,0.55462,83
DRB1*11,4.39837,665
DRB1*12,3.60273,544
DRB1*13,4.92222,745
DRB1*14,5.4269,825
DRB1*15,5.51787,833
DRB1*16,1.08142,163
